label,number,ratio,measure,color
Seats,229,0.00,0.355590062,#DC241f
Comments,0,194.90,0.156420546,#DC241f
Reactions,0,1227.58,0.148177744,#DC241f
Angry Reactions,0,108.21,0.307817034,#DC241f
