label,measure,color
Seats,0.00466,#008142
Comments,0.00770,#008142
Reactions,0.00944,#008142
Angry Reactions,0.01582,#008142
