label,measure,color
Seats,0.00621,#008800
Comments,0.06761,#008800
Reactions,0.14695,#008800
Angry Reactions,0.01738,#008800
